report_id,status,comments
PKG-1,Pending,
PKG-2,Pending,
PKG-3,Pending,
PKG-4,Pending,
PKG-5,Pending,
PKG-6,Pending,
PKG-7,Pending,
PKG-8,Pending,
PKG-9,Pending,
PKG-10,Pending,
PKG-11,Pending,
PKG-12,Pending,
PKG-13,Pending,
PKG-14,Pending,
PKG-15,Pending,
PKG-16,Pending,
PKG-17,Pending,
PKG-18,Pending,
PKG-19,Pending,
PKG-20,Pending,
PKG-21,Pending,
PKG-22,Pending,
PKG-23,Pending,
PKG-24,Pending,
PKG-25,Pending,
PKG-26,Pending,
PKG-27,Pending,
PKG-28,Pending,
PKG-29,Pending,
PKG-30,Pending,
PKG-31,Pending,
PKG-32,Pending,
PKG-33,Pending,
PKG-34,Pending,
PKG-35,Pending,
PKG-36,Pending,
PKG-37,Pending,
PKG-38,Pending,
PKG-39,Pending,
PKG-40,Pending,
PKG-41,Pending,
PKG-42,Pending,
PKG-43,Pending,
PKG-44,Pending,
PKG-45,Pending,
PKG-46,Pending,
PKG-47,Pending,
PKG-48,Pending,
PKG-49,Pending,
PKG-50,Pending,
PKG-51,Pending,
PKG-52,Pending,
PKG-53,Pending,
PKG-54,Pending,
PKG-55,Pending,
PKG-56,Pending,
PKG-57,Pending,
PKG-58,Pending,
PKG-59,Pending,
PKG-60,Pending,
PKG-61,Pending,
PKG-62,Pending,
PKG-63,Pending,
PKG-64,Pending,
PKG-65,Pending,
PKG-66,Pending,
PKG-67,Pending,
PKG-68,Pending,
PKG-69,Pending,
PKG-70,Pending,
PKG-71,Pending,
PKG-72,Pending,
PKG-73,Pending,
PKG-74,Pending,
PKG-75,Pending,
PKG-76,Pending,
PKG-77,Pending,
PKG-78,Pending,
PKG-79,Pending,
PKG-80,Pending,
PKG-81,Pending,
PKG-82,Pending,
PKG-83,Pending,
PKG-84,Pending,
PKG-85,Pending,
PKG-86,Pending,
PKG-87,Pending,
PKG-88,Pending,
PKG-89,Pending,
PKG-90,Pending,
PKG-91,Pending,
PKG-92,Pending,
PKG-93,Pending,
PKG-94,Pending,
PKG-95,Pending,
PKG-96,Pending,
PKG-97,Pending,
PKG-98,Pending,
PKG-99,Pending,
PKG-100,Pending,
PKG-101,Pending,
PKG-102,Pending,
PKG-103,Pending,
PKG-104,Pending,
PKG-105,Pending,
PKG-106,Pending,
PKG-107,Pending,
PKG-108,Pending,
PKG-109,Pending,
PKG-110,Pending,
PKG-111,Pending,
PKG-112,Pending,
PKG-113,Pending,
PKG-114,Pending,
PKG-115,Pending,
PKG-116,Pending,
PKG-117,Pending,
PKG-118,Pending,
PKG-119,Pending,
PKG-120,Pending,
PKG-121,Pending,
PKG-122,Pending,
PKG-123,Pending,
PKG-124,Pending,
PKG-125,Pending,
PKG-126,Pending,
PKG-127,Pending,
PKG-128,Pending,
PKG-129,Pending,
PKG-130,Pending,
PKG-131,Pending,
PKG-132,Pending,
PKG-133,Pending,
PKG-134,Pending,
PKG-135,Pending,
PKG-136,Pending,
PKG-137,Pending,
PKG-138,Pending,
PKG-139,Pending,
PKG-140,Pending,
PKG-141,Pending,
PKG-142,Pending,
PKG-143,Pending,
PKG-144,Pending,
PKG-145,Pending,
PKG-146,Pending,
PKG-147,Pending,
PKG-148,Pending,
PKG-149,Pending,
PKG-150,Pending,
PKG-151,Pending,
PKG-152,Pending,
PKG-153,Pending,
PKG-154,Pending,
PKG-155,Pending,
PKG-156,Pending,
PKG-157,Pending,
PKG-158,Pending,
PKG-159,Pending,
PKG-160,Pending,
PKG-161,Pending,
PKG-162,Pending,
PKG-163,Pending,
PKG-164,Pending,
PKG-165,Pending,
PKG-166,Pending,
PKG-167,Pending,
PKG-168,Pending,
PKG-169,Pending,
PKG-170,Pending,
PKG-171,Pending,
PKG-172,Pending,
PKG-173,Pending,
PKG-174,Pending,
PKG-175,Pending,
PKG-176,Pending,
PKG-177,Pending,
PKG-178,Pending,
PKG-179,Pending,
PKG-180,Pending,
PKG-181,Pending,
PKG-182,Pending,
PKG-183,Pending,
PKG-184,Pending,
PKG-185,Pending,
PKG-186,Pending,
PKG-187,Pending,
PKG-188,Pending,
PKG-189,Pending,
PKG-190,Pending,
PKG-191,Pending,
PKG-192,Pending,
PKG-193,Pending,
PKG-194,Pending,
PKG-195,Pending,
PKG-196,Pending,
PKG-197,Pending,
PKG-198,Pending,
PKG-199,Pending,
PKG-200,Pending,
PKG-201,Pending,
PKG-202,Pending,
PKG-203,Pending,
PKG-204,Pending,
PKG-205,Pending,
PKG-206,Pending,
PKG-207,Pending,
PKG-208,Pending,
PKG-209,Pending,
PKG-210,Pending,
PKG-211,Pending,
PKG-212,Pending,
PKG-213,Pending,
PKG-214,Pending,
PKG-215,Pending,
PKG-216,Pending,
PKG-217,Pending,
PKG-218,Pending,
PKG-219,Pending,
PKG-220,Pending,
PKG-221,Pending,
PKG-222,Pending,
PKG-223,Pending,
PKG-224,Pending,
PKG-225,Pending,
PKG-226,Pending,
PKG-227,Pending,
PKG-228,Pending,
PKG-229,Pending,
PKG-230,Pending,
PKG-231,Pending,
PKG-232,Pending,
PKG-233,Pending,
PKG-234,Pending,
PKG-235,Pending,
PKG-236,Pending,
PKG-237,Pending,
PKG-238,Pending,
PKG-239,Pending,
PKG-240,Pending,
PKG-241,Pending,
PKG-242,Pending,
PKG-243,Pending,
PKG-244,Pending,
PKG-245,Pending,
PKG-246,Pending,
PKG-247,Pending,
PKG-248,Pending,
PKG-249,Pending,
PKG-250,Pending,
PKG-251,Pending,
PKG-252,Pending,
PKG-253,Pending,
PKG-254,Pending,
PKG-255,Pending,
PKG-256,Pending,
PKG-257,Pending,
PKG-258,Pending,
PKG-259,Pending,
PKG-260,Pending,
PKG-261,Pending,
PKG-262,Pending,
PKG-263,Pending,
PKG-264,Pending,
PKG-265,Pending,
PKG-266,Pending,
PKG-267,Pending,
PKG-268,Pending,
PKG-269,Pending,
PKG-270,Pending,
PKG-271,Pending,
PKG-272,Pending,
PKG-273,Pending,
PKG-274,Pending,
PKG-275,Pending,
PKG-276,Pending,
PKG-277,Pending,
PKG-278,Pending,
PKG-279,Pending,
PKG-280,Pending,
PKG-281,Pending,
PKG-282,Pending,
PKG-283,Pending,
PKG-284,Pending,
PKG-285,Pending,
PKG-286,Pending,
PKG-287,Pending,
PKG-288,Pending,
PKG-289,Pending,
PKG-290,Pending,
PKG-291,Pending,
PKG-292,Pending,
PKG-293,Pending,
PKG-294,Pending,
PKG-295,Pending,
PKG-296,Pending,
PKG-297,Pending,
PKG-298,Pending,
PKG-299,Pending,
PKG-300,Pending,
PKG-301,Pending,
PKG-302,Pending,
PKG-303,Pending,
PKG-304,Pending,
PKG-305,Pending,
PKG-306,Pending,
PKG-307,Pending,
PKG-308,Pending,
PKG-309,Pending,
PKG-310,Pending,
PKG-311,Pending,
PKG-312,Pending,
PKG-313,Pending,
PKG-314,Pending,
PKG-315,Pending,
PKG-316,Pending,
PKG-317,Pending,
PKG-318,Pending,
PKG-319,Pending,
PKG-320,Pending,
PKG-321,Pending,
PKG-322,Pending,
PKG-323,Pending,
PKG-324,Pending,
PKG-325,Pending,
PKG-326,Pending,
PKG-327,Pending,
PKG-328,Pending,
PKG-329,Pending,
PKG-330,Pending,
PKG-331,Pending,
PKG-332,Pending,
PKG-333,Pending,
PKG-334,Pending,
PKG-335,Pending,
PKG-336,Pending,
PKG-337,Pending,
PKG-338,Pending,
PKG-339,Pending,
PKG-340,Pending,
PKG-341,Pending,
PKG-342,Pending,
PKG-343,Pending,
PKG-344,Pending,
PKG-345,Pending,
PKG-346,Pending,
PKG-347,Pending,
PKG-348,Pending,
PKG-349,Pending,
PKG-350,Pending,
PKG-351,Pending,
PKG-352,Pending,
PKG-353,Pending,
PKG-354,Pending,
PKG-355,Pending,
PKG-356,Pending,
PKG-357,Pending,
PKG-358,Pending,
PKG-359,Pending,
PKG-360,Pending,
PKG-361,Pending,
PKG-362,Pending,
PKG-363,Pending,
PKG-364,Pending,
PKG-365,Pending,
PKG-366,Pending,
PKG-367,Pending,
PKG-368,Pending,
PKG-369,Pending,
PKG-370,Pending,
PKG-371,Pending,
PKG-372,Pending,
PKG-373,Pending,
PKG-374,Pending,
PKG-375,Pending,
PKG-376,Pending,
PKG-377,Pending,
PKG-378,Pending,
PKG-379,Pending,
PKG-380,Pending,
PKG-381,Pending,
PKG-382,Pending,
PKG-383,Pending,
PKG-384,Pending,
PKG-385,Pending,
PKG-386,Pending,
PKG-387,Pending,
PKG-388,Pending,
PKG-389,Pending,
PKG-390,Pending,
PKG-391,Pending,
PKG-392,Pending,
PKG-393,Pending,
PKG-394,Pending,
PKG-395,Pending,
PKG-396,Pending,
PKG-397,Pending,
PKG-398,Pending,
PKG-399,Pending,
PKG-400,Pending,
PKG-401,Pending,
PKG-402,Pending,
PKG-403,Pending,
PKG-404,Pending,
PKG-405,Pending,
PKG-406,Pending,
PKG-407,Pending,
PKG-408,Pending,
PKG-409,Pending,
PKG-410,Pending,
PKG-411,Pending,
PKG-412,Pending,
PKG-413,Pending,
PKG-414,Pending,
PKG-415,Pending,
PKG-416,Pending,
PKG-417,Pending,
PKG-418,Pending,
PKG-419,Pending,
PKG-420,Pending,
PKG-421,Pending,
PKG-422,Pending,
PKG-423,Pending,
PKG-424,Pending,
PKG-425,Pending,
PKG-426,Pending,
PKG-427,Pending,
PKG-428,Pending,
PKG-429,Pending,
PKG-430,Pending,
PKG-431,Pending,
PKG-432,Pending,
PKG-433,Pending,
PKG-434,Pending,
PKG-435,Pending,
PKG-436,Pending,
PKG-437,Pending,
PKG-438,Pending,
PKG-439,Pending,
PKG-440,Pending,
PKG-441,Pending,
PKG-442,Pending,
PKG-443,Pending,
PKG-444,Pending,
PKG-445,Pending,
PKG-446,Pending,
PKG-447,Pending,
PKG-448,Pending,
PKG-449,Pending,
PKG-450,Pending,
PKG-451,Pending,
PKG-452,Pending,
PKG-453,Pending,
PKG-454,Pending,
PKG-455,Pending,
PKG-456,Pending,
PKG-457,Pending,
PKG-458,Pending,
PKG-459,Pending,
PKG-460,Pending,
PKG-461,Pending,
PKG-462,Pending,
PKG-463,Pending,
PKG-464,Pending,
PKG-465,Pending,
PKG-466,Pending,
PKG-467,Pending,
PKG-468,Pending,
PKG-469,Pending,
PKG-470,Pending,
PKG-471,Pending,
PKG-472,Pending,
PKG-473,Pending,
PKG-474,Pending,
PKG-475,Pending,
PKG-476,Pending,
PKG-477,Pending,
PKG-478,Pending,
PKG-479,Pending,
PKG-480,Pending,
PKG-481,Pending,
PKG-482,Pending,
PKG-483,Pending,
PKG-484,Pending,
PKG-485,Pending,
PKG-486,Pending,
PKG-487,Pending,
PKG-488,Pending,
PKG-489,Pending,
PKG-490,Pending,
PKG-491,Pending,
PKG-492,Pending,
PKG-493,Pending,
PKG-494,Pending,
PKG-495,Pending,
PKG-496,Pending,
PKG-497,Pending,
PKG-498,Pending,
PKG-499,Pending,
PKG-500,Pending,
PKG-501,Pending,
PKG-502,Pending,
PKG-503,Pending,
PKG-504,Pending,
PKG-505,Pending,
PKG-506,Pending,
PKG-507,Pending,
PKG-508,Pending,
PKG-509,Pending,
PKG-510,Pending,
PKG-511,Pending,
PKG-512,Pending,
PKG-513,Pending,
PKG-514,Pending,
PKG-515,Pending,
PKG-516,Pending,
PKG-517,Pending,
PKG-518,Pending,
PKG-519,Pending,
PKG-520,Pending,
PKG-521,Pending,
PKG-522,Pending,
PKG-523,Pending,
PKG-524,Pending,
PKG-525,Pending,
PKG-526,Pending,
PKG-527,Pending,
PKG-528,Pending,
PKG-529,Pending,
PKG-530,Pending,
PKG-531,Pending,
PKG-532,Pending,
PKG-533,Pending,
PKG-534,Pending,
PKG-535,Pending,
PKG-536,Pending,
PKG-537,Pending,
PKG-538,Pending,
PKG-539,Pending,
PKG-540,Pending,
PKG-541,Pending,
PKG-542,Pending,
PKG-543,Pending,
PKG-544,Pending,
PKG-545,Pending,
PKG-546,Pending,
PKG-547,Pending,
PKG-548,Pending,
PKG-549,Pending,
PKG-550,Pending,
PKG-551,Pending,
PKG-552,Pending,
PKG-553,Pending,
PKG-554,Pending,
PKG-555,Pending,
PKG-556,Pending,
PKG-557,Pending,
PKG-558,Pending,
PKG-559,Pending,
PKG-560,Pending,
PKG-561,Pending,
PKG-562,Pending,
PKG-563,Pending,
PKG-564,Pending,
PKG-565,Pending,
PKG-566,Pending,
PKG-567,Pending,
PKG-568,Pending,
PKG-569,Pending,
PKG-570,Pending,
PKG-571,Pending,
PKG-572,Pending,
PKG-573,Pending,
PKG-574,Pending,
PKG-575,Pending,
PKG-576,Pending,
PKG-577,Pending,
PKG-578,Pending,
PKG-579,Pending,
PKG-580,Pending,
PKG-581,Pending,
PKG-582,Pending,
PKG-583,Pending,
PKG-584,Pending,
PKG-585,Pending,
PKG-586,Pending,
PKG-587,Pending,
PKG-588,Pending,
PKG-589,Pending,
PKG-590,Pending,
PKG-591,Pending,
PKG-592,Pending,
PKG-593,Pending,
PKG-594,Pending,
PKG-595,Pending,
PKG-596,Pending,
PKG-597,Pending,
PKG-598,Pending,
PKG-599,Pending,
PKG-600,Pending,
PKG-601,Pending,
PKG-602,Pending,
PKG-603,Pending,
PKG-604,Pending,
PKG-605,Pending,
PKG-606,Pending,
PKG-607,Pending,
PKG-608,Pending,
PKG-609,Pending,
PKG-610,Pending,
PKG-611,Pending,
PKG-612,Pending,
PKG-613,Pending,
PKG-614,Pending,
PKG-615,Pending,
PKG-616,Pending,
PKG-617,Pending,
PKG-618,Pending,
PKG-619,Pending,
PKG-620,Pending,
PKG-621,Pending,
PKG-622,Pending,
PKG-623,Pending,
PKG-624,Pending,
PKG-625,Pending,
PKG-626,Pending,
PKG-627,Pending,
PKG-628,Pending,
PKG-629,Pending,
PKG-630,Pending,
PKG-631,Pending,
PKG-632,Pending,
PKG-633,Pending,
PKG-634,Pending,
PKG-635,Pending,
PKG-636,Pending,
PKG-637,Pending,
PKG-638,Pending,
PKG-639,Pending,
PKG-640,Pending,
PKG-641,Pending,
PKG-642,Pending,
PKG-643,Pending,
PKG-644,Pending,
PKG-645,Pending,
PKG-646,Pending,
PKG-647,Pending,
PKG-648,Pending,
PKG-649,Pending,
PKG-650,Pending,
PKG-651,Pending,
PKG-652,Pending,
PKG-653,Pending,
PKG-654,Pending,
PKG-655,Pending,
PKG-656,Pending,
PKG-657,Pending,
PKG-658,Pending,
PKG-659,Pending,
PKG-660,Pending,
PKG-661,Pending,
